<?xml version="1.0" encoding="UTF-8"?><?xml-stylesheet type='text/xsl' href='_UpgradeReport_Files/UpgradeReport.xslt'?><UpgradeLog>
<Properties><Property Name="Solution" Value="sideTesting">
</Property><Property Name="Solution File" Value="C:\_vss\ProjectEuler\sideTesting\sideTesting.sln">
</Property><Property Name="User Options File" Value="C:\_vss\ProjectEuler\sideTesting\sideTesting.suo">
</Property><Property Name="Date" Value="Monday, February 25, 2008">
</Property><Property Name="Time" Value="10:44 AM">
</Property></Properties><Event ErrorLevel="0" Project="" Source="sideTesting.sln" Description="File successfully backed up as C:\_vss\ProjectEuler\sideTesting\Backup\sideTesting.sln">
</Event><Event ErrorLevel="0" Project="" Source="sideTesting.suo" Description="File successfully backed up as C:\_vss\ProjectEuler\sideTesting\Backup\sideTesting.suo">
</Event><Event ErrorLevel="0" Project="sideTesting" Source="sideTesting\sideTesting.csproj" Description="Project file successfully backed up as C:\_vss\ProjectEuler\sideTesting\Backup\sideTesting\sideTesting.csproj">
</Event><Event ErrorLevel="0" Project="sideTesting" Source="sideTesting\BigInt.cs" Description="File successfully backed up as C:\_vss\ProjectEuler\sideTesting\Backup\sideTesting\BigInt.cs">
</Event><Event ErrorLevel="0" Project="sideTesting" Source="sideTesting\Problem015.cs" Description="File successfully backed up as C:\_vss\ProjectEuler\sideTesting\Backup\sideTesting\Problem015.cs">
</Event><Event ErrorLevel="0" Project="sideTesting" Source="sideTesting\Problem018.cs" Description="File successfully backed up as C:\_vss\ProjectEuler\sideTesting\Backup\sideTesting\Problem018.cs">
</Event><Event ErrorLevel="0" Project="sideTesting" Source="sideTesting\Problem026.cs" Description="File successfully backed up as C:\_vss\ProjectEuler\sideTesting\Backup\sideTesting\Problem026.cs">
</Event><Event ErrorLevel="0" Project="sideTesting" Source="sideTesting\Problem034.cs" Description="File successfully backed up as C:\_vss\ProjectEuler\sideTesting\Backup\sideTesting\Problem034.cs">
</Event><Event ErrorLevel="0" Project="sideTesting" Source="sideTesting\Problem067.cs" Description="File successfully backed up as C:\_vss\ProjectEuler\sideTesting\Backup\sideTesting\Problem067.cs">
</Event><Event ErrorLevel="0" Project="sideTesting" Source="sideTesting\Problem126.cs" Description="File successfully backed up as C:\_vss\ProjectEuler\sideTesting\Backup\sideTesting\Problem126.cs">
</Event><Event ErrorLevel="0" Project="sideTesting" Source="sideTesting\Program.cs" Description="File successfully backed up as C:\_vss\ProjectEuler\sideTesting\Backup\sideTesting\Program.cs">
</Event><Event ErrorLevel="0" Project="sideTesting" Source="sideTesting\Properties\AssemblyInfo.cs" Description="File successfully backed up as C:\_vss\ProjectEuler\sideTesting\Backup\sideTesting\Properties\AssemblyInfo.cs">
</Event><Event ErrorLevel="0" Project="sideTesting" Source="sideTesting\sideTesting.csproj" Description="Project converted successfully">
</Event><Event ErrorLevel="3" Project="sideTesting" Source="sideTesting\sideTesting.csproj" Description="Converted">
</Event><Event ErrorLevel="0" Project="" Source="sideTesting.sln" Description="Solution converted successfully">
</Event><Event ErrorLevel="3" Project="" Source="sideTesting.sln" Description="Converted">
</Event><Event ErrorLevel="0" Project="sideTesting" Source="sideTesting\sideTesting.csproj" Description="Scan complete: Upgrade not required for project files.">
</Event></UpgradeLog>